,year,per capita income (US$)
0,2013,35489.438567858655
1,2021,42117.15916964039
2,2020,41288.69409441762
3,2022,42945.624244862935
4,2023,43774.08932008571
5,2026,46259.4845457538
6,2027,47087.94962097658
